PRAGMA foreign_keys=OFF;
BEGIN TRANSACTION;
CREATE TABLE doctrine_migration_versions (version VARCHAR(191) NOT NULL, executed_at DATETIME DEFAULT NULL, execution_time INTEGER DEFAULT NULL, PRIMARY KEY(version));
INSERT INTO doctrine_migration_versions VALUES('DoctrineMigrations\Version20220902100129','2022-09-02 12:02:35',52);
INSERT INTO doctrine_migration_versions VALUES('DoctrineMigrations\Version20220905090824','2022-09-05 11:08:42',56);
INSERT INTO doctrine_migration_versions VALUES('DoctrineMigrations\Version20220908131650','2022-09-08 15:18:08',32);
INSERT INTO doctrine_migration_versions VALUES('DoctrineMigrations\Version20220908141241','2022-09-08 16:13:16',51);
INSERT INTO doctrine_migration_versions VALUES('DoctrineMigrations\Version20220908142325','2022-09-08 16:24:07',30);
INSERT INTO doctrine_migration_versions VALUES('DoctrineMigrations\Version20220909123954','2022-09-09 14:41:14',33);
INSERT INTO doctrine_migration_versions VALUES('DoctrineMigrations\Version20220909124535','2022-09-09 14:46:21',52);
INSERT INTO doctrine_migration_versions VALUES('DoctrineMigrations\Version20220909131407','2022-09-09 15:14:15',37);
INSERT INTO doctrine_migration_versions VALUES('DoctrineMigrations\Version20220927084006','2022-09-27 10:46:58',55);
CREATE TABLE competences (id INTEGER PRIMARY KEY AUTOINCREMENT NOT NULL, intitule VARCHAR(50) NOT NULL);
INSERT INTO competences VALUES(3,'HTML');
INSERT INTO competences VALUES(4,'CSS');
INSERT INTO competences VALUES(5,'SASS/SCSS');
INSERT INTO competences VALUES(6,'JS');
INSERT INTO competences VALUES(7,'PHP');
INSERT INTO competences VALUES(8,'SQL');
INSERT INTO competences VALUES(9,'Symfony');
INSERT INTO competences VALUES(10,'modélisation des données (méthode Merise)');
INSERT INTO competences VALUES(11,'photoshop');
INSERT INTO competences VALUES(12,'indesign');
INSERT INTO competences VALUES(13,'illustrator');
CREATE TABLE experiences (id INTEGER PRIMARY KEY AUTOINCREMENT NOT NULL, intitule VARCHAR(100) NOT NULL, lieu VARCHAR(50) NOT NULL, nature_poste VARCHAR(100) NOT NULL, annee VARCHAR(10) NOT NULL);
INSERT INTO experiences VALUES(2,'Agence Tiz','Strasbourg','stage de deux mois','2021');
INSERT INTO experiences VALUES(3,'Musy','Strasbourg','stage de trois mois','2022');
CREATE TABLE formations (id INTEGER PRIMARY KEY AUTOINCREMENT NOT NULL, intitule VARCHAR(100) NOT NULL, lieu VARCHAR(50) NOT NULL, annee VARCHAR(10) NOT NULL);
INSERT INTO formations VALUES(1,'Développeur web & web mobile','Elan Colmar','2021');
INSERT INTO formations VALUES(2,'Concepteur Développeur d''Applications','CCI Campus Strasbourg','2021-2022');
CREATE TABLE projet (id INTEGER PRIMARY KEY AUTOINCREMENT NOT NULL, intitule VARCHAR(50) NOT NULL, texte CLOB NOT NULL, lien_git VARCHAR(255) DEFAULT NULL, lien_web VARCHAR(255) DEFAULT NULL);
INSERT INTO projet VALUES(3,'portfolio','<div>Portfolio en ligne (vous êtes dessus !…) conçu en symfony.<br>- base de données sqlite<br>- partie admin conçue avec EasyAdmin 3<br>- mailer javascript à l''aide de EmailJS<br>- upload d''images avec VichUploader</div>','https://github.com/FlorianDuchesne/portfolio','https://www.chaisevivante.com/portfolio');
INSERT INTO projet VALUES(4,'Musy','<div>Musy met à disposition d''enseignants en musique et leurs élèves une plateforme web personnalisable où le professeur crée ses parcours pédagogiques via un outil studio simplifié, et les affecte à ses élèves directement sur la plateforme.<br>La finalité est de garantir une continuité pédagogique entre les cours en physique et de guider les élèves durant leurs répétitions à domicile.<br>L''outil studio simplifié permet au professeur de musique utilisant la plateforme de créer des exercices vidéos synchronisant l''enregistrement vidéo avec une partition déroulante.<br>Il peut structurer les exercices préalablement créés sous la forme d’un parcours personnalisé à chaque élève.<br><br>- utilisation de Flat API<br><br>J''ai développé cette application en collaboration avec Aymeric Fischer, Thibaut Weissgerber et Mathieu Ludwig, sous la supervision de Frédéric Thomas, fondateur de Musy.</div>',NULL,'https://www.musy-solutions.com/');
INSERT INTO projet VALUES(5,'Cyclic','<div>Projet d''études développé avec Damien Ledda, Léonard Schaeffer, Antonin Mougenot et Mathieu Landauer.&nbsp;<br><br>CyClic est un projet d''application ayant pour but de donner une seconde vie aux objets inutilement accumulés et/ou délaissés en proposant aux utilisateurs de réaliser des dons.<br>&nbsp;Pour cela, ces derniers peuvent publier une annonce afin de trouver un potentiel receveur et se débarrasser de l’objet concerné en proposant un rendez-vous avec cet autre utilisateur afin de lui transmettre celui-ci.<br>&nbsp;La prise de contact est facilitée entre les différentes parties en donnant la possibilité d’indiquer la localisation dans laquelle la recherche de l’objet est effectuée et grâce à une messagerie personnalisée.<br>&nbsp;Un système de recherche et de filtrage donne également une meilleure chance à une personne de trouver ce qu''elle recherche sur l''application.<br>&nbsp;Nous avons aussi fourni un système de notation pour permettre aux utilisateurs de renforcer la confiance entre utilisateurs sur la plate-forme.<br>&nbsp;Un administrateur peut modifier les catégories et les états fournis sur l''application, supprimer les annonces d''offres problématiques et interdire les utilisateurs abusifs qui ont été signalés.<br><br>Nous avons géré le projet à l''aide d''Azur DevOps.</div>','https://github.com/Nargacaura/CyClic',NULL);
INSERT INTO projet VALUES(6,'PVT','<div>Projet d''examen pour mon titre Développeur Web et Web Mobile.&nbsp;<br>Je l''ai développé en autonomie, sur le framework Symfony.<br>Il s''agit d''une application mêlant blogging et réseau social sur le thème du voyage.<br>Voici les fonctionnalités mises en place sur ce projet :&nbsp;<br><br></div><ul><li>inscription et connexion d''un utilisateur&nbsp;</li><li>création et édition de son profil&nbsp;</li><li>envoi d''email en cas de mot de passe oublié&nbsp;</li><li>rédaction d''articles catégorisés par thème et pays, avec upload de fichiers&nbsp;</li><li>au clic sur la galerie d''un post, déclenchement d''un lightbox en carousel&nbsp;</li><li>suppression et édition de ses articles&nbsp;</li><li>filtrage des articles catalogués sur le site en fonction de critères&nbsp;</li><li>système de follow&nbsp;</li><li>barre de recherche&nbsp;</li><li>prévention des failles de sécurité&nbsp;</li><li>pour un admin, accès à un panneau dédié&nbsp;</li><li>pour un admin, modification et ajout de thèmes et pays, suppression d''articles, de commentaires et de membres&nbsp;</li><li>système de hashtags&nbsp;</li><li>système de commentaires (liés aux articles)&nbsp;</li><li>système de likes pour les articles et les commentaires&nbsp;</li><li>messagerie instantanée&nbsp;</li><li>Utilisation de cartes grâce à l''API de Google Maps&nbsp;</li></ul>','https://github.com/FlorianDuchesne/projetExamPVT',NULL);
INSERT INTO projet VALUES(7,'Chroniques d''un PVT au Japon','<div>Projet de site statique pour m''entraîner sur la partie front-end lors de ma formation Développeur web et web mobile.<br>L''idée est de présenter les bandes dessinées que j''ai faites à propos d''un voyage au Japon effectué il y a quelques années lors d''un visa vacances-travail.</div>','https://github.com/FlorianDuchesne/Website/tree/main/chroniquesJapon','https://www.chaisevivante.com/chroniquesjapon/');
INSERT INTO projet VALUES(8,'Super Fantôme','<div>Projet développé lors de mon titre Développeur web et web mobile pour m''entraîner concernant la partie front-end.<br>J''ai réutilisé un travail artistique effectué il y a un certain temps, pour l''adapter au web. Il s''agit d''un récit dont on est le héros.&nbsp;<br>Chaque choix effectué par le lecteur a un impact sur le récit.</div>','https://github.com/FlorianDuchesne/Website/tree/main/superFantome','https://www.chaisevivante.com/superfantome/');
CREATE TABLE projet_competences (projet_id INTEGER NOT NULL, competences_id INTEGER NOT NULL, PRIMARY KEY(projet_id, competences_id), CONSTRAINT FK_1A23F0C18272 FOREIGN KEY (projet_id) REFERENCES projet (id) ON DELETE CASCADE NOT DEFERRABLE INITIALLY IMMEDIATE, CONSTRAINT FK_1A23F0A660B158 FOREIGN KEY (competences_id) REFERENCES competences (id) ON DELETE CASCADE NOT DEFERRABLE INITIALLY IMMEDIATE);
INSERT INTO projet_competences VALUES(3,3);
INSERT INTO projet_competences VALUES(3,4);
INSERT INTO projet_competences VALUES(3,5);
INSERT INTO projet_competences VALUES(3,6);
INSERT INTO projet_competences VALUES(3,7);
INSERT INTO projet_competences VALUES(3,9);
INSERT INTO projet_competences VALUES(3,10);
INSERT INTO projet_competences VALUES(3,11);
INSERT INTO projet_competences VALUES(4,3);
INSERT INTO projet_competences VALUES(4,4);
INSERT INTO projet_competences VALUES(4,6);
INSERT INTO projet_competences VALUES(4,7);
INSERT INTO projet_competences VALUES(4,8);
INSERT INTO projet_competences VALUES(4,9);
INSERT INTO projet_competences VALUES(4,10);
INSERT INTO projet_competences VALUES(5,3);
INSERT INTO projet_competences VALUES(5,4);
INSERT INTO projet_competences VALUES(5,5);
INSERT INTO projet_competences VALUES(5,6);
INSERT INTO projet_competences VALUES(5,7);
INSERT INTO projet_competences VALUES(5,8);
INSERT INTO projet_competences VALUES(5,9);
INSERT INTO projet_competences VALUES(5,10);
INSERT INTO projet_competences VALUES(5,11);
INSERT INTO projet_competences VALUES(6,3);
INSERT INTO projet_competences VALUES(6,4);
INSERT INTO projet_competences VALUES(6,5);
INSERT INTO projet_competences VALUES(6,6);
INSERT INTO projet_competences VALUES(6,7);
INSERT INTO projet_competences VALUES(6,8);
INSERT INTO projet_competences VALUES(6,9);
INSERT INTO projet_competences VALUES(6,10);
INSERT INTO projet_competences VALUES(6,11);
INSERT INTO projet_competences VALUES(7,3);
INSERT INTO projet_competences VALUES(7,4);
INSERT INTO projet_competences VALUES(7,6);
INSERT INTO projet_competences VALUES(7,11);
INSERT INTO projet_competences VALUES(8,3);
INSERT INTO projet_competences VALUES(8,4);
INSERT INTO projet_competences VALUES(8,6);
CREATE TABLE curriculum (id INTEGER PRIMARY KEY AUTOINCREMENT NOT NULL, name VARCHAR(50) NOT NULL, image_size INTEGER NOT NULL, updated_at DATETIME NOT NULL, fichier VARCHAR(255) NOT NULL);
INSERT INTO curriculum VALUES(1,'CV',1174371,'2022-09-09 14:42:41','cvflorianduchesne-631b34c1baa63070234196.pdf');
CREATE TABLE picture (id INTEGER PRIMARY KEY AUTOINCREMENT NOT NULL, projet_id INTEGER DEFAULT NULL, name VARCHAR(255) NOT NULL, image_size INTEGER NOT NULL, updated_at DATETIME NOT NULL, fichier VARCHAR(255) NOT NULL, CONSTRAINT FK_16DB4F89C18272 FOREIGN KEY (projet_id) REFERENCES projet (id) ON UPDATE NO ACTION ON DELETE NO ACTION NOT DEFERRABLE INITIALLY IMMEDIATE);
INSERT INTO picture VALUES(13,NULL,'portrait_about',279453,'2022-09-27 10:57:21','photo-6332baf18e25b045539093.jpeg');
INSERT INTO picture VALUES(14,3,'portfolio',282140,'2022-09-27 11:27:35','capture-d-ecran-2022-09-27-a-11-17-54-6332c20795256467300512.png');
INSERT INTO picture VALUES(15,4,'Musy',1330420,'2022-09-27 11:47:07','capture-d-ecran-2022-09-27-a-11-46-11-6332c69bda335574377110.png');
INSERT INTO picture VALUES(16,5,'cyclic',372375,'2022-09-27 12:05:15','page-resultatrecherche-copie-6332cadbba0c6155425550.');
INSERT INTO picture VALUES(17,6,'pvt',1418604,'2022-09-27 12:19:38','capture-d-ecran-2022-09-27-a-12-13-52-6332ce3a6be75833090322.png');
INSERT INTO picture VALUES(18,7,'chroniques',399355,'2022-09-27 12:25:21','capture-d-ecran-2022-09-27-a-12-22-23-6332cf9106efc285022179.png');
INSERT INTO picture VALUES(19,8,'super_fantome',1079769,'2022-09-27 12:29:48','capture-d-ecran-2022-09-27-a-12-28-55-6332d09caad5e703057516.png');
CREATE TABLE user (id INTEGER PRIMARY KEY AUTOINCREMENT NOT NULL, email VARCHAR(180) NOT NULL, roles CLOB NOT NULL --(DC2Type:json)
        , password VARCHAR(255) NOT NULL);
INSERT INTO user VALUES(2,'florian.duchesne@gmail.com','["ROLE_ADMIN"]','$2y$13$zyOwo7C8QYQvCZ86vyfMqeDlZZ.vtVXQJWOBZOS4cJmdTeZqAsBKC');
CREATE TABLE about (id INTEGER PRIMARY KEY AUTOINCREMENT NOT NULL, about_picture_id INTEGER DEFAULT NULL, contenu CLOB NOT NULL, CONSTRAINT FK_B5F422E32D7D11D9 FOREIGN KEY (about_picture_id) REFERENCES picture (id) NOT DEFERRABLE INITIALLY IMMEDIATE);
INSERT INTO about VALUES(1,NULL,'<div><del>test</del> new test</div>');
INSERT INTO about VALUES(2,13,'<div>Bonjour, je suis <strong>Florian Duchesne</strong>, <strong>développeur web junior</strong>.</div><div>Je me suis reconverti dans le développement web, après une première partie de ma vie dédiée à l''illustration et la bande dessinée (cf <a href="https://florianduchesne.tumblr.com">ici</a>, <a href="https://www.chaisevivante.com/chroniquesjapon">là</a> ou <a href="https://www.chaisevivante.com/superfantome">là-bas</a>).</div><div>En ce moment je cherche un premier emploi en tant que développeur junior <strong>PHP Symfony</strong>.</div><div>En attendant d''y arriver, je bosse sur des petits <strong>projets</strong> (comme ce portfolio), je m''entraîne sur <a href="https://www.codewars.com/users/FlorianDuchesne"><strong>codewars</strong></a>, j''apprends de nouvelles choses sur <strong>Udemy</strong> et <strong>Youtube</strong>.</div><div>En dehors du dév, j''aime le <strong>Japon</strong>, la <strong>bande dessinée</strong> et le <strong>cinéma</strong>, et je fais du <a href="https://www.association-lolita.com">théâtre d''impro</a>, du <a href="https://www.facebook.com/strasbourgquidditch">quidditch</a> et du <strong>dessin</strong>.</div><div><br></div>');
DELETE FROM sqlite_sequence;
INSERT INTO sqlite_sequence VALUES('competences',13);
INSERT INTO sqlite_sequence VALUES('experiences',3);
INSERT INTO sqlite_sequence VALUES('formations',2);
INSERT INTO sqlite_sequence VALUES('projet',8);
INSERT INTO sqlite_sequence VALUES('curriculum',2);
INSERT INTO sqlite_sequence VALUES('picture',19);
INSERT INTO sqlite_sequence VALUES('user',2);
INSERT INTO sqlite_sequence VALUES('about',2);
CREATE INDEX IDX_1A23F0C18272 ON projet_competences (projet_id);
CREATE INDEX IDX_1A23F0A660B158 ON projet_competences (competences_id);
CREATE INDEX IDX_16DB4F89C18272 ON picture (projet_id);
CREATE UNIQUE INDEX UNIQ_8D93D649E7927C74 ON user (email);
CREATE UNIQUE INDEX UNIQ_B5F422E32D7D11D9 ON about (about_picture_id);
COMMIT;
